type_id,display_name,category,range_nm,cruise_speed_kts,fuel_burn_gph,mtow_lbs,runway_req_ft,purchase_price,weekly_lease_cost,eec,maintenance_interval_weeks
PC12,Pilatus PC-12,TURBOPROP,1800,285,66,10450,2650,1800000,18000,9,null
BN2P,Britten-Norman BN-2 Islander,TURBOPROP,756,135,32,6600,1200,2000000,20000,9,null
FA50,Dassault Falcon 50,REGIONAL_JET,3100,468,220,40780,4700,2800000,28000,9,null
BE20,Beechcraft Super King Air 200,TURBOPROP,1580,289,95,12500,2110,1900000,19000,10,null
GL5T,Bombardier Global 5000,REGIONAL_JET,5200,488,450,92500,5500,7000000,70000,13,null
C208,Cessna Caravan,TURBOPROP,1070,186,55,8000,2055,2500000,25000,14,null
TRIS,Britten-Norman MKIII Trislander,TURBOPROP,868,150,45,10000,1950,4000000,40000,17,null
DHC6,Bombardier DHC-6-400,TURBOPROP,790,170,75,12500,1200,5200000,52000,19,null
L410,Let L-410NG,TURBOPROP,1390,225,90,15400,1950,5000000,50000,19,null
B190,Beechcraft 1900D,TURBOPROP,1350,280,130,17120,3800,2400000,24000,19,null
GL7T,Bombardier Global 7500,REGIONAL_JET,7700,488,500,114850,5800,13000000,130000,19,null
C750,Cessna Citation X,REGIONAL_JET,3460,525,330,36100,5140,4500000,45000,9,null
A140,Antonov An-140,TURBOPROP,1250,250,180,42220,4500,16000000,160000,52,null
DH8C,Bombardier DHC-8-300,TURBOPROP,840,285,185,43000,3800,22000000,220000,56,null
SB20,Saab 2000,TURBOPROP,1545,370,260,50265,4500,24500000,245000,58,null
F50,Fokker 50,TURBOPROP,1080,270,180,45900,4500,24000000,240000,60,null
I114,Ilyushin Il-114-100,TURBOPROP,1500,270,200,51809,4500,19000000,190000,64,null
ERJ170,Embraer ERJ170,REGIONAL_JET,2150,450,420,85517,5394,31500000,315000,72,null
CRJ7,Bombardier CRJ700,REGIONAL_JET,1378,444,420,72750,5265,42000000,420000,78,null
AT76,ATR 72-600,TURBOPROP,825,275,190,50706,4314,26000000,260000,78,null
E175,Embraer ERJ175,REGIONAL_JET,2200,450,490,89000,4134,35000000,350000,78,null
F70,Fokker 70,REGIONAL_JET,1840,455,520,88000,5500,32500000,325000,79,null
TU34,Tupolev Tu-134,NARROW,1600,450,750,103600,7200,31000000,310000,84,null
A148,Antonov An148,REGIONAL_JET,1900,430,450,91500,5500,30000000,300000,85,null
DH8D,Bombardier DHC-8-400,TURBOPROP,1100,360,328,67200,4600,31000000,310000,86,null
E170,Embraer EMB170-200,REGIONAL_JET,2150,450,420,85517,5394,32000000,320000,88,null
E752,Embraer E175-E2,REGIONAL_JET,2060,450,400,98767,5500,35000000,350000,88,null
MRJ1,Mitsubishi MRJ-100,REGIONAL_JET,2000,440,390,94357,5500,68000000,680000,88,null
ARJ2,Comac ARJ21,REGIONAL_JET,2000,430,450,95900,5500,45000000,450000,90,null
CRJ9,Bombardier CRJ900,REGIONAL_JET,1550,447,447,84500,6360,45000000,450000,90,null
MRJ9,Mitsubishi MRJ-90,REGIONAL_JET,2040,440,390,87303,5500,75000000,750000,92,null
B462,BAe 146-200,REGIONAL_JET,1500,410,650,93000,5000,39000000,390000,100,null
E190,Embraer EMB190,REGIONAL_JET,2450,450,550,114199,4800,40000000,400000,100,null
CRJX,Bombardier CRJ1000,REGIONAL_JET,1620,447,460,91800,6600,50000000,500000,104,null
E902,Embraer E190-E2,REGIONAL_JET,2850,450,480,124340,5000,45000000,450000,106,null
SU95,Sukhoi Superjet 100,REGIONAL_JET,1645,440,520,101080,5700,38000000,380000,108,null
F100,Fokker 100,REGIONAL_JET,1710,455,600,101000,5500,39000000,390000,109,null
IL18,Ilyushin Il-18,TURBOPROP,3500,320,500,141000,6000,31000000,310000,120,null
YK42,Yakovlev Yak-42,NARROW,2100,400,800,126765,7000,31000000,310000,120,null
B731,Boeing 737-100,NARROW,1540,420,750,110000,6500,40000000,400000,124,null
CONC,Concorde,WIDE,3900,1150,5600,408000,11800,220000000,2200000,144,null
A318,Airbus A318,NARROW,3100,447,700,149900,5500,90000000,900000,132,null
BCS1,Bombardier CS100,NARROW,3100,447,550,134000,4800,80000000,800000,133,null
B712,Boeing 717-200,NARROW,2060,438,650,121000,6000,52500000,525000,134,null
B732,Boeing 737-200,NARROW,2600,420,800,115500,6500,59000000,590000,136,null
B735,Boeing 737-500,NARROW,2375,430,700,133000,6000,80000000,800000,140,null
B737C,Boeing 737-700C,NARROW,3200,453,780,154500,6690,85000000,850000,140,null
E952,Embraer E195-E2,REGIONAL_JET,2600,450,520,135584,5200,60400000,604000,146,null
B733,Boeing 737-300,NARROW,2255,430,750,138500,6500,75000000,750000,149,null
B736,Boeing 737-600,NARROW,3200,453,780,143500,6000,82500000,825000,149,null
B737,Boeing 737-700,NARROW,3010,453,780,154500,6690,85000000,850000,149,null
B737ER,Boeing 737-700ER,NARROW,5500,453,800,171000,7000,90000000,900000,149,null
MD81,McDonnell Douglas MD-81,NARROW,1565,438,900,140000,7200,75000000,750000,150,null
A319,Airbus A319,NARROW,3750,447,720,166000,6000,95000000,950000,156,null
MD90,McDonnell Douglas MD-90,NARROW,2045,438,850,156000,7000,80000000,800000,160,null
A19N,Airbus A319neo,NARROW,3650,447,620,166000,6000,100000000,1000000,160,null  
BCS3,Bombardier CS300,NARROW,3300,447,580,149000,5500,98000000,980000,160,null
C919,Comac C919,NARROW,2200,450,750,158000,6500,70000000,700000,168,null
TU44,Tupolev Tu-144D,WIDE,3500,1100,6000,456000,11000,250000000,2500000,170,null
B37M,Boeing 737 MAX 7,NARROW,3850,453,680,177000,6000,105000000,1050000,172,null
TU54,Tupolev Tu-154,NARROW,2800,460,1200,220000,8000,45000000,450000,180,null
A320,Airbus A320,NARROW,3300,447,790,171900,6800,100000000,1000000,180,null
B738,Boeing 737-800,NARROW,2935,453,820,174200,7500,100000000,1000000,184,null
IL62,Ilyushin Il-62,NARROW,5400,460,1800,360000,10000,60000000,600000,186,null
B734,Boeing 737-400,NARROW,2060,430,800,150000,7000,90000000,900000,188,null
B722,Boeing 727-200,NARROW,1900,460,1100,210000,8500,87500000,875000,189,null
B739,Boeing 737-900,NARROW,2700,453,860,174200,8500,105000000,1050000,189,null
B38M,Boeing 737 MAX 8,NARROW,3550,453,700,181200,6500,110000000,1100000,189,null    
DC85,McDonnell Douglas DC-8-50,NARROW,4800,470,1500,315000,9500,80000000,800000,189,null
A20N,Airbus A320neo,NARROW,3500,447,680,174165,6500,110000000,1100000,195,null
TU24,Tupolev Tu-204,NARROW,2300,440,900,230000,7500,50000000,500000,210,null
MC21,Irkut MC-21-300,NARROW,3200,450,700,175000,7000,80000000,800000,211,null
B739ER,Boeing 737-900ER,NARROW,2950,453,880,187700,9000,110000000,1100000,220,null
B39M,Boeing 737 MAX 9,NARROW,3550,453,720,194700,7000,124000000,1240000,220,null
B3XM,Boeing 737 MAX 10,NARROW,3300,453,740,197900,7500,132000000,1320000,230,null
A321,Airbus A321,NARROW,3200,447,880,206130,8400,120000000,1200000,236,null
A21NXLR,Airbus A321neoXLR,NARROW,4700,447,770,213800,7000,133000000,1330000,236,null
B752,Boeing 757-200,NARROW,3900,460,1050,255000,6500,125000000,1250000,239,null
B752ER,Boeing 757-200ER,NARROW,4100,460,1050,255000,6500,135000000,1350000,239,null
A312,Airbus A310-200,WIDE,3670,450,1200,313000,7000,125000000,1250000,240,null
A313,Airbus A310-300,WIDE,5200,450,1250,361500,7500,130000000,1300000,240,null
A21NL,Airbus A321neoLR,NARROW,4000,447,760,213800,6800,132000000,1320000,240,null
A21N,Airbus A321neo,NARROW,4000,447,750,213800,6500,130000000,1300000,244,null
B762,Boeing 767-200,WIDE,3900,459,1200,315000,7000,140000000,1400000,245,null       
B762ER,Boeing 767-200ER,WIDE,6590,459,1250,395000,8500,150000000,1500000,245,null
B788,Boeing 787-8 Dreamliner,WIDE,7305,488,1350,502500,8500,125000000,1250000,250,null
A306,Airbus A300-600,WIDE,4050,450,1400,375000,7500,110000000,1100000,266,null
B763,Boeing 767-300,WIDE,3900,459,1450,350000,8000,137500000,1375000,290,null
MD11,McDonnell Douglas MD-11,WIDE,6840,473,2200,602500,10000,125000000,1250000,293,null
B753,Boeing 757-300,NARROW,3400,460,1100,272500,8000,130000000,1300000,295,null
IL96,Ilyushin Il-96-300,WIDE,6200,460,2300,551000,9000,100000000,1000000,300,null 
B789,Boeing 787-9 Dreamliner,WIDE,7635,488,1450,560000,9300,175000000,1750000,300,null
A342,Airbus A340-200,WIDE,6700,470,1900,606000,9500,200000000,2000000,315,null
L101,Lockheed L-1011-500,WIDE,5345,470,2100,510000,9000,130000000,1300000,330,null
IL86,Ilyushin Il-86,WIDE,2700,460,2500,458000,9500,105000000,1050000,350,null
A343,Airbus A340-300,WIDE,7300,470,2000,606000,9800,230000000,2300000,350,null
B763ER,Boeing 767-300ER,WIDE,5980,459,1500,412000,7900,220000000,2200000,350,null
B78X,Boeing 787-10 Dreamliner,WIDE,6430,488,1550,560000,9500,225000000,2250000,360,null
A345,Airbus A340-500,WIDE,8650,470,2400,840000,10500,270000000,2700000,375,null
A332,Airbus A330-200,WIDE,7250,470,1700,533500,9090,220000000,2200000,380,null
DC10,McDonnell Douglas DC-10-30,WIDE,5200,470,2400,572000,10000,180000000,1800000,380,null
A358,Airbus A350-800,WIDE,8250,488,1500,546700,8500,280000000,2800000,390,null
B74S,Boeing 747SP,WIDE,5830,490,3000,700000,9000,235000000,2350000,400,null
A333,Airbus A330-300,WIDE,6350,470,1800,533500,9090,235000000,2350000,404,null
A338,Airbus A330-800neo,WIDE,750,470,1550,553000,8800,260000000,2600000,406,null
B764,Boeing 767-400ER,WIDE,5625,459,1600,450000,9500,225000000,2250000,409,null
A359,Airbus A350-900,WIDE,8100,488,1600,617295,8500,280000000,2800000,440,null
A339,Airbus A330-900neo,WIDE,7200,470,1650,553000,9000,290000000,2900000,440,null
A346,Airbus A340-600,WIDE,7500,470,2600,840000,10500,290000000,2900000,440,null
A35U,Airbus A350-900ULR,WIDE,9700,488,1650,617295,9000,325000000,3250000,440,null
B772,Boeing 777-200,WIDE,5240,490,1900,545000,8000,280000000,2800000,440,null
B72E,Boeing 777-200ER,WIDE,7065,490,2100,656000,11000,285000000,2850000,440,null
B77L,Boeing 777-200LR,WIDE,8555,490,2200,766000,9500,290000000,2900000,440,null
B778,Boeing 777-8,WIDE,8690,490,2000,775000,10000,340000000,3400000,440,null
A35K,Airbus A350-1000,WIDE,8700,488,1750,696000,9500,360000000,3600000,475,null
B741,Boeing 747-100,WIDE,4620,490,3400,735000,10500,250000000,2500000,550,null
B742,Boeing 747-200,WIDE,6850,490,3400,833000,11000,260000000,2600000,550,null
B773,Boeing 777-300,WIDE,6000,490,2400,660000,10500,340000000,3400000,550,null
B77W,Boeing 777-300ER,WIDE,7370,490,2530,775000,10000,345000000,3450000,550,null
B779,Boeing 777-9,WIDE,7285,490,2400,775000,10000,450000000,4500000,550,null
B748,Boeing 747-8i,WIDE,7730,493,2900,987000,10200,420000000,4200000,605,null
B743,Boeing 747-300,WIDE,6700,490,3500,833000,11000,290000000,2900000,660,null
B744,Boeing 747-400,WIDE,7260,490,3200,875000,9900,350000000,3500000,660,null
A388,Airbus A380-800,WIDE,8000,488,4000,1268000,9800,450000000,4500000,853,null