origin_iata,dest_iata,anchor_annual,anchor_weekly,years_used,first_year,last_year,method
CTS,HND,4735709.37,91071.334,7,2016,2025,jp_trend_wm_max_recent_v2
HND,CTS,4646903.94,89363.5374,7,2016,2025,jp_trend_wm_max_recent_v2
FUK,HND,4449168.0,85560.9231,7,2016,2025,jp_trend_wm_max_recent_v2
HND,FUK,4362776.0,83899.5385,7,2016,2025,jp_trend_wm_max_recent_v2
OKA,HND,3015641.6,57993.1077,7,2016,2025,jp_trend_wm_max_recent_v2
HND,OKA,2994433.01,57585.2501,7,2016,2025,jp_trend_wm_max_recent_v2
ITM,HND,2802296.0,53890.3077,7,2016,2025,jp_trend_wm_max_recent_v2
HND,ITM,2739048.0,52674.0,7,2016,2025,jp_trend_wm_max_recent_v2
HND,KOJ,1233525.0,23721.6346,7,2016,2025,jp_trend_wm_max_recent_v2
KOJ,HND,1232536.0,23702.6154,7,2016,2025,jp_trend_wm_max_recent_v2
HND,KMJ,979436.0,18835.3077,7,2016,2025,jp_trend_wm_max_recent_v2
KMJ,HND,974951.0,18749.0577,7,2016,2025,jp_trend_wm_max_recent_v2
HND,HIJ,964198.86,18542.2858,7,2016,2025,jp_trend_wm_max_recent_v2
FUK,OKA,962129.0,18502.4808,7,2016,2025,jp_trend_wm_max_recent_v2
OKA,FUK,960562.0,18472.3462,7,2016,2025,jp_trend_wm_max_recent_v2
CTS,NRT,956338.0,18391.1154,7,2016,2025,jp_trend_wm_max_recent_v2
HIJ,HND,951652.86,18301.0165,7,2016,2025,jp_trend_wm_max_recent_v2
NRT,CTS,946956.96,18210.7108,7,2016,2025,jp_trend_wm_max_recent_v2
HND,NGS,912295.0,17544.1346,7,2016,2025,jp_trend_wm_max_recent_v2
NGS,HND,891145.0,17137.4038,7,2016,2025,jp_trend_wm_max_recent_v2
MYJ,HND,782266.0,15043.5769,7,2016,2025,jp_trend_wm_max_recent_v2
HND,MYJ,771892.0,14844.0769,7,2016,2025,jp_trend_wm_max_recent_v2
CTS,NGO,729251.73,14024.0718,7,2016,2025,jp_trend_wm_max_recent_v2
NGO,CTS,716390.31,13776.7367,7,2016,2025,jp_trend_wm_max_recent_v2
HND,KMI,715337.0,13756.4808,7,2016,2025,jp_trend_wm_max_recent_v2
KMI,HND,713960.0,13730.0,7,2016,2025,jp_trend_wm_max_recent_v2
FUK,NRT,701866.79,13497.4382,7,2016,2025,jp_trend_wm_max_recent_v2
NRT,FUK,684535.36,13164.1416,7,2016,2025,jp_trend_wm_max_recent_v2
KIX,HND,668028.31,12846.6983,7,2016,2025,jp_trend_wm_max_recent_v2
HND,TAK,655673.0,12609.0962,7,2016,2025,jp_trend_wm_max_recent_v2
HND,KIX,645267.52,12408.9909,7,2016,2025,jp_trend_wm_max_recent_v2
TAK,HND,643243.8,12370.0731,7,2016,2025,jp_trend_wm_max_recent_v2
HND,KKJ,631506.0,12144.3462,7,2016,2025,jp_trend_wm_max_recent_v2
HND,OIT,630152.0,12118.3077,7,2016,2025,jp_trend_wm_max_recent_v2
OIT,HND,626560.0,12049.2308,7,2016,2025,jp_trend_wm_max_recent_v2
KIX,CTS,608259.51,11697.2982,7,2016,2025,jp_trend_wm_max_recent_v2
KKJ,HND,607814.0,11688.7308,7,2016,2025,jp_trend_wm_max_recent_v2
CTS,KIX,606290.88,11659.4399,7,2016,2025,jp_trend_wm_max_recent_v2
NGO,OKA,600793.26,11553.7165,7,2016,2025,jp_trend_wm_max_recent_v2
CTS,ITM,596367.0,11468.5962,7,2016,2025,jp_trend_wm_max_recent_v2
OKA,NGO,594980.28,11441.9285,7,2016,2025,jp_trend_wm_max_recent_v2
OKA,ITM,591612.0,11377.1538,7,2016,2025,jp_trend_wm_max_recent_v2
KIX,OKA,590267.43,11351.2968,7,2016,2025,jp_trend_wm_max_recent_v2
ITM,CTS,590248.54,11350.9334,7,2016,2025,jp_trend_wm_max_recent_v2
OKA,KIX,586830.1,11285.1941,7,2016,2025,jp_trend_wm_max_recent_v2
ITM,OKA,577351.0,11102.9038,7,2016,2025,jp_trend_wm_max_recent_v2
ISG,OKA,571354.0,10987.5769,7,2016,2025,jp_trend_wm_max_recent_v2
MMY,OKA,566171.0,10887.9038,7,2016,2025,jp_trend_wm_max_recent_v2
OKA,MMY,557345.0,10718.1731,7,2016,2025,jp_trend_wm_max_recent_v2
OKA,ISG,544940.0,10479.6154,7,2016,2025,jp_trend_wm_max_recent_v2
HND,KMQ,534766.06,10283.9626,7,2016,2025,jp_trend_wm_max_recent_v2
HND,HKD,530845.37,10208.5649,7,2016,2025,jp_trend_wm_max_recent_v2
KMQ,HND,530252.74,10197.1681,7,2016,2025,jp_trend_wm_max_recent_v2
HKD,HND,517857.02,9958.7888,7,2016,2025,jp_trend_wm_max_recent_v2
UKB,HND,516059.08,9924.2131,7,2016,2025,jp_trend_wm_max_recent_v2
HND,OKJ,515734.0,9917.9615,7,2016,2025,jp_trend_wm_max_recent_v2
TKS,HND,512248.08,9850.9246,7,2016,2025,jp_trend_wm_max_recent_v2
HND,TKS,511446.36,9835.5069,7,2016,2025,jp_trend_wm_max_recent_v2
HND,UKB,506523.0,9740.8269,7,2016,2025,jp_trend_wm_max_recent_v2
OKJ,HND,498879.0,9593.8269,7,2016,2025,jp_trend_wm_max_recent_v2
HND,AKJ,486751.14,9360.5988,7,2016,2025,jp_trend_wm_max_recent_v2
HND,KCZ,477847.0,9189.3654,7,2016,2025,jp_trend_wm_max_recent_v2
KCZ,HND,473942.0,9114.2692,7,2016,2025,jp_trend_wm_max_recent_v2
HND,UBJ,468625.0,9012.0192,7,2016,2025,jp_trend_wm_max_recent_v2
UBJ,HND,465934.0,8960.2692,7,2016,2025,jp_trend_wm_max_recent_v2
AKJ,HND,458767.5,8822.4519,7,2016,2025,jp_trend_wm_max_recent_v2
ITM,SDJ,454392.0,8738.3077,7,2016,2025,jp_trend_wm_max_recent_v2
SDJ,ITM,450605.0,8665.4808,7,2016,2025,jp_trend_wm_max_recent_v2
FUK,NGO,426221.28,8196.5631,7,2016,2025,jp_trend_wm_max_recent_v2
HND,AXT,425260.0,8178.0769,7,2016,2025,jp_trend_wm_max_recent_v2
NGO,FUK,417375.84,8026.4585,7,2016,2025,jp_trend_wm_max_recent_v2
AXT,HND,414625.0,7973.5577,7,2016,2025,jp_trend_wm_max_recent_v2
CTS,SDJ,398951.78,7672.1496,7,2016,2025,jp_trend_wm_max_recent_v2
SDJ,CTS,395819.14,7611.9065,7,2016,2025,jp_trend_wm_max_recent_v2
KIX,NRT,378599.25,7280.7547,7,2016,2025,jp_trend_wm_max_recent_v2
NRT,KIX,373175.35,7176.449,7,2016,2025,jp_trend_wm_max_recent_v2
OKA,NRT,344737.0,6629.5577,7,2016,2025,jp_trend_wm_max_recent_v2
CTS,FUK,342455.64,6585.6854,7,2016,2025,jp_trend_wm_max_recent_v2
NRT,OKA,339596.34,6530.6988,7,2016,2025,jp_trend_wm_max_recent_v2
FUK,CTS,339119.64,6521.5315,7,2016,2025,jp_trend_wm_max_recent_v2
ITM,KOJ,336742.0,6475.8077,7,2016,2025,jp_trend_wm_max_recent_v2
KOJ,ITM,335818.0,6458.0385,7,2016,2025,jp_trend_wm_max_recent_v2
HND,OBO,311113.26,5982.9473,7,2016,2025,jp_trend_wm_max_recent_v2
OBO,HND,309919.0,5959.9808,7,2016,2025,jp_trend_wm_max_recent_v2
UKB,OKA,307583.25,5915.0625,7,2016,2025,jp_trend_wm_max_recent_v2
OKA,UKB,306388.72,5892.0907,7,2016,2025,jp_trend_wm_max_recent_v2
ITM,FUK,297765.0,5726.25,7,2016,2025,jp_trend_wm_max_recent_v2
FUK,ITM,297465.0,5720.4808,7,2016,2025,jp_trend_wm_max_recent_v2
HND,IZO,292941.0,5633.4808,7,2016,2025,jp_trend_wm_max_recent_v2
IZO,HND,291504.78,5605.8612,7,2016,2025,jp_trend_wm_max_recent_v2
HND,ISG,286305.0,5505.8654,7,2016,2025,jp_trend_wm_max_recent_v2
YGJ,HND,283873.0,5459.0962,7,2016,2025,jp_trend_wm_max_recent_v2
ITM,KMI,282723.87,5436.9975,7,2016,2025,jp_trend_wm_max_recent_v2
CTS,UKB,282496.0,5432.6154,7,2016,2025,jp_trend_wm_max_recent_v2
KMI,ITM,281971.21,5422.5233,7,2016,2025,jp_trend_wm_max_recent_v2
ITM,MYJ,281703.91,5417.3828,7,2016,2025,jp_trend_wm_max_recent_v2
HND,AOJ,281238.0,5408.4231,7,2016,2025,jp_trend_wm_max_recent_v2
HND,YGJ,280091.0,5386.3654,7,2016,2025,jp_trend_wm_max_recent_v2
ISG,HND,278934.0,5364.1154,7,2016,2025,jp_trend_wm_max_recent_v2
MYJ,ITM,277236.0,5331.4615,7,2016,2025,jp_trend_wm_max_recent_v2
FUK,KMI,273067.0,5251.2885,7,2016,2025,jp_trend_wm_max_recent_v2
AOJ,HND,272430.0,5239.0385,7,2016,2025,jp_trend_wm_max_recent_v2
UKB,CTS,271972.0,5230.2308,7,2016,2025,jp_trend_wm_max_recent_v2
KMI,FUK,271428.0,5219.7692,7,2016,2025,jp_trend_wm_max_recent_v2
KUH,HND,259315.0,4986.8269,7,2016,2025,jp_trend_wm_max_recent_v2
HND,KUH,257910.06,4959.8088,7,2016,2025,jp_trend_wm_max_recent_v2
HND,MMB,253704.0,4878.9231,7,2016,2025,jp_trend_wm_max_recent_v2
ITM,NRT,247266.0,4755.1154,7,2016,2025,jp_trend_wm_max_recent_v2
MMB,HND,245621.1,4723.4827,7,2016,2025,jp_trend_wm_max_recent_v2
ITM,KMJ,239352.18,4602.9265,7,2016,2025,jp_trend_wm_max_recent_v2
FUK,KIX,237701.0,4571.1731,7,2016,2025,jp_trend_wm_max_recent_v2
KMJ,ITM,234162.83,4503.1313,7,2016,2025,jp_trend_wm_max_recent_v2
KIX,FUK,231349.0,4449.0192,7,2016,2025,jp_trend_wm_max_recent_v2
NRT,ITM,228735.0,4398.75,7,2016,2025,jp_trend_wm_max_recent_v2
ITM,KIJ,228186.2,4388.1961,7,2016,2025,jp_trend_wm_max_recent_v2
KIJ,ITM,227660.0,4378.0769,7,2016,2025,jp_trend_wm_max_recent_v2
HND,HSG,224791.95,4322.922,7,2016,2025,jp_trend_wm_max_recent_v2
HSG,HND,219656.53,4224.1641,7,2016,2025,jp_trend_wm_max_recent_v2
HND,MMY,212774.28,4091.8131,7,2016,2025,jp_trend_wm_max_recent_v2
IWK,HND,207587.0,3992.0577,7,2016,2025,jp_trend_wm_max_recent_v2
MMY,HND,207578.1,3991.8866,7,2016,2025,jp_trend_wm_max_recent_v2
HND,IWK,206755.0,3976.0577,7,2016,2025,jp_trend_wm_max_recent_v2
KOJ,NGO,205096.49,3944.1632,7,2016,2025,jp_trend_wm_max_recent_v2
NGO,KOJ,204965.96,3941.653,7,2016,2025,jp_trend_wm_max_recent_v2
ITM,NGS,195721.09,3763.8671,7,2016,2025,jp_trend_wm_max_recent_v2
NGS,ITM,195217.53,3754.1834,7,2016,2025,jp_trend_wm_max_recent_v2
HND,TTJ,192690.4,3705.5847,7,2016,2025,jp_trend_wm_max_recent_v2
NGO,NRT,189701.0,3648.0962,7,2016,2025,jp_trend_wm_max_recent_v2
TTJ,HND,189016.75,3634.9375,7,2016,2025,jp_trend_wm_max_recent_v2
HND,SYO,188614.0,3627.1923,7,2016,2025,jp_trend_wm_max_recent_v2
SYO,HND,185049.0,3558.6346,7,2016,2025,jp_trend_wm_max_recent_v2
NRT,NGO,183645.0,3531.6346,7,2016,2025,jp_trend_wm_max_recent_v2
TOY,HND,176068.0,3385.9231,7,2016,2025,jp_trend_wm_max_recent_v2
HND,TOY,174322.0,3352.3462,7,2016,2025,jp_trend_wm_max_recent_v2
KIX,SDJ,171221.0,3292.7115,7,2016,2025,jp_trend_wm_max_recent_v2
SDJ,KIX,171029.0,3289.0192,7,2016,2025,jp_trend_wm_max_recent_v2
ASJ,KOJ,169333.48,3256.4131,7,2016,2025,jp_trend_wm_max_recent_v2
KOJ,ASJ,167705.83,3225.1121,7,2016,2025,jp_trend_wm_max_recent_v2
KIX,ISG,167444.27,3220.082,7,2016,2025,jp_trend_wm_max_recent_v2
FUK,SDJ,157410.0,3027.1154,7,2016,2025,jp_trend_wm_max_recent_v2
SDJ,FUK,156461.88,3008.8823,7,2016,2025,jp_trend_wm_max_recent_v2
ISG,KIX,150776.1,2899.5404,7,2016,2025,jp_trend_wm_max_recent_v2
HND,NGO,135357.0,2603.0192,7,2016,2025,jp_trend_wm_max_recent_v2
ITM,OIT,134803.54,2592.3758,7,2016,2025,jp_trend_wm_max_recent_v2
OIT,ITM,133098.05,2559.5779,7,2016,2025,jp_trend_wm_max_recent_v2
UKB,NGS,131579.61,2530.3771,7,2016,2025,jp_trend_wm_max_recent_v2
ITM,AOJ,130478.51,2509.2022,7,2016,2025,jp_trend_wm_max_recent_v2
IBR,UKB,128839.3,2477.6789,7,2016,2025,jp_trend_wm_max_recent_v2
SDJ,NGO,128419.95,2469.6144,7,2016,2025,jp_trend_wm_max_recent_v2
AOJ,ITM,128352.71,2468.3214,7,2016,2025,jp_trend_wm_max_recent_v2
NGS,UKB,127563.65,2453.1472,7,2016,2025,jp_trend_wm_max_recent_v2
ITM,KCZ,127354.0,2449.1154,7,2016,2025,jp_trend_wm_max_recent_v2
UEO,OKA,126961.0,2441.5577,7,2016,2025,jp_trend_wm_max_recent_v2
KCZ,ITM,126829.0,2439.0192,7,2016,2025,jp_trend_wm_max_recent_v2
NGO,SDJ,126790.54,2438.2796,7,2016,2025,jp_trend_wm_max_recent_v2
UKB,IBR,126303.26,2428.9088,7,2016,2025,jp_trend_wm_max_recent_v2
HIJ,NRT,126237.97,2427.6534,7,2016,2025,jp_trend_wm_max_recent_v2
MYJ,NRT,124545.0,2395.0962,7,2016,2025,jp_trend_wm_max_recent_v2
OKA,UEO,122448.0,2354.7692,7,2016,2025,jp_trend_wm_max_recent_v2
HND,MSJ,122128.67,2348.6283,7,2016,2025,jp_trend_wm_max_recent_v2
NRT,MYJ,121856.31,2343.3906,7,2016,2025,jp_trend_wm_max_recent_v2
MSJ,HND,120571.99,2318.6921,7,2016,2025,jp_trend_wm_max_recent_v2
KOJ,KIX,119068.0,2289.7692,7,2016,2025,jp_trend_wm_max_recent_v2
TAK,NRT,118776.63,2284.166,7,2016,2025,jp_trend_wm_max_recent_v2
NRT,HIJ,118660.74,2281.9373,7,2016,2025,jp_trend_wm_max_recent_v2
KIX,KOJ,117694.0,2263.3462,7,2016,2025,jp_trend_wm_max_recent_v2
NRT,TAK,116987.81,2249.7657,7,2016,2025,jp_trend_wm_max_recent_v2
NGO,HND,114775.5,2207.2212,7,2016,2025,jp_trend_wm_max_recent_v2
CTS,MMB,107143.51,2060.4522,7,2016,2025,jp_trend_wm_max_recent_v2
AXT,ITM,106832.76,2054.4762,7,2016,2025,jp_trend_wm_max_recent_v2
FUK,NKM,106375.0,2045.6731,7,2016,2025,jp_trend_wm_max_recent_v2
MMB,CTS,105943.93,2037.3833,7,2016,2025,jp_trend_wm_max_recent_v2
ITM,AXT,105484.13,2028.5409,7,2016,2025,jp_trend_wm_max_recent_v2
NKM,FUK,104723.0,2013.9038,7,2016,2025,jp_trend_wm_max_recent_v2
UKB,KOJ,103512.66,1990.6281,7,2016,2025,jp_trend_wm_max_recent_v2
KOJ,UKB,102434.52,1969.8946,7,2016,2025,jp_trend_wm_max_recent_v2
HND,SHM,101837.66,1958.4164,7,2016,2025,jp_trend_wm_max_recent_v2
SHM,HND,99733.64,1917.9547,7,2016,2025,jp_trend_wm_max_recent_v2
HAC,HND,99049.0,1904.7885,7,2016,2025,jp_trend_wm_max_recent_v2
KMJ,NRT,97144.16,1868.1569,7,2016,2025,jp_trend_wm_max_recent_v2
NRT,KMJ,92805.71,1784.7251,7,2016,2025,jp_trend_wm_max_recent_v2
OIT,NRT,92312.36,1775.2377,7,2016,2025,jp_trend_wm_max_recent_v2
SDJ,UKB,91999.3,1769.2173,6,2017,2025,jp_trend_wm_max_recent_v2
TSJ,FUK,91539.9,1760.3827,7,2016,2025,jp_trend_wm_max_recent_v2
KOJ,OKA,90840.0,1746.9231,7,2016,2025,jp_trend_wm_max_recent_v2
UKB,SDJ,90817.7,1746.4942,6,2017,2025,jp_trend_wm_max_recent_v2
CTS,IBR,90077.7,1732.2635,7,2016,2025,jp_trend_wm_max_recent_v2
IBR,CTS,88936.75,1710.3221,7,2016,2025,jp_trend_wm_max_recent_v2
HND,HAC,88763.0,1706.9808,7,2016,2025,jp_trend_wm_max_recent_v2
NRT,OIT,88398.63,1699.9736,7,2016,2025,jp_trend_wm_max_recent_v2
OKA,KOJ,88183.0,1695.8269,7,2016,2025,jp_trend_wm_max_recent_v2
FUK,TSJ,86431.74,1662.1488,7,2016,2025,jp_trend_wm_max_recent_v2
ITM,FKS,86084.13,1655.4641,7,2016,2025,jp_trend_wm_max_recent_v2
HND,NTQ,84596.76,1626.8608,7,2016,2025,jp_trend_wm_max_recent_v2
ITM,HKD,84507.4,1625.1423,7,2016,2025,jp_trend_wm_max_recent_v2
CTS,HIJ,84346.18,1622.042,7,2016,2025,jp_trend_wm_max_recent_v2
KMQ,FUK,84069.42,1616.7196,7,2016,2025,jp_trend_wm_max_recent_v2
FKS,ITM,83872.56,1612.9338,7,2016,2025,jp_trend_wm_max_recent_v2
HIJ,CTS,83540.99,1606.5574,7,2016,2025,jp_trend_wm_max_recent_v2
FUK,KMQ,83445.97,1604.7302,7,2016,2025,jp_trend_wm_max_recent_v2
NGO,KMI,83080.88,1597.7091,7,2016,2025,jp_trend_wm_max_recent_v2
KMI,NGO,82224.96,1581.2492,7,2016,2025,jp_trend_wm_max_recent_v2
ISG,NRT,80581.06,1549.6357,5,2018,2025,jp_trend_wm_max_recent_v2
CTS,KIJ,80313.0,1544.4808,7,2016,2025,jp_trend_wm_max_recent_v2
HND,ONJ,79750.03,1533.6545,7,2016,2025,jp_trend_wm_max_recent_v2
CTS,AOJ,79741.45,1533.4894,7,2016,2025,jp_trend_wm_max_recent_v2
NRT,ISG,79663.55,1531.9914,5,2018,2025,jp_trend_wm_max_recent_v2
ONJ,HND,79283.49,1524.6825,7,2016,2025,jp_trend_wm_max_recent_v2
FUK,FSZ,79224.0,1523.5385,7,2016,2025,jp_trend_wm_max_recent_v2
FSZ,FUK,79203.57,1523.1456,7,2016,2025,jp_trend_wm_max_recent_v2
KIJ,CTS,78240.0,1504.6154,7,2016,2025,jp_trend_wm_max_recent_v2
ITM,IZO,78086.0,1501.6538,7,2016,2025,jp_trend_wm_max_recent_v2
NTQ,HND,78079.0,1501.5192,7,2016,2025,jp_trend_wm_max_recent_v2
HKD,ITM,78022.44,1500.4316,7,2016,2025,jp_trend_wm_max_recent_v2
AOJ,CTS,77753.0,1495.25,7,2016,2025,jp_trend_wm_max_recent_v2
NGO,NGS,77339.64,1487.3008,7,2016,2025,jp_trend_wm_max_recent_v2
IZO,ITM,77337.0,1487.25,7,2016,2025,jp_trend_wm_max_recent_v2
KIX,MMY,76579.4,1472.6807,7,2016,2025,jp_trend_wm_max_recent_v2
NGS,NGO,75676.86,1455.3243,7,2016,2025,jp_trend_wm_max_recent_v2
HNA,ITM,75624.87,1454.3243,7,2016,2025,jp_trend_wm_max_recent_v2
ITM,HNA,73681.79,1416.9576,7,2016,2025,jp_trend_wm_max_recent_v2
HNA,NKM,73132.98,1406.4035,7,2016,2025,jp_trend_wm_max_recent_v2
MYJ,FUK,73049.0,1404.7885,7,2016,2025,jp_trend_wm_max_recent_v2
FUK,MYJ,72215.2,1388.7539,7,2016,2025,jp_trend_wm_max_recent_v2
MMY,KIX,71764.31,1380.0829,7,2016,2025,jp_trend_wm_max_recent_v2
NKM,HNA,71336.52,1371.8562,7,2016,2025,jp_trend_wm_max_recent_v2
OKA,SDJ,70156.0,1349.1538,7,2016,2025,jp_trend_wm_max_recent_v2
SDJ,OKA,69753.0,1341.4038,7,2016,2025,jp_trend_wm_max_recent_v2
IWJ,HND,68176.37,1311.0841,7,2016,2025,jp_trend_wm_max_recent_v2
HIJ,OKA,67403.0,1296.2115,7,2016,2025,jp_trend_wm_max_recent_v2
OKA,HIJ,67105.0,1290.4808,7,2016,2025,jp_trend_wm_max_recent_v2
NRT,KOJ,66945.0,1287.4038,7,2016,2025,jp_trend_wm_max_recent_v2
TKN,KOJ,66900.0,1286.5385,7,2016,2025,jp_trend_wm_max_recent_v2
KOJ,NRT,66770.0,1284.0385,7,2016,2025,jp_trend_wm_max_recent_v2
KUM,KOJ,66428.25,1277.4664,7,2016,2025,jp_trend_wm_max_recent_v2
HND,IWJ,66253.71,1274.1099,7,2016,2025,jp_trend_wm_max_recent_v2
KOJ,KUM,65899.91,1267.3059,7,2016,2025,jp_trend_wm_max_recent_v2
KOJ,TKN,65860.94,1266.5565,7,2016,2025,jp_trend_wm_max_recent_v2
HSG,NRT,64109.0,1232.8654,5,2016,2023,jp_trend_wm_max_recent_v2
OKD,HKD,63217.82,1215.7273,7,2016,2025,jp_trend_wm_max_recent_v2
HKD,OKD,63135.6,1214.1461,7,2016,2025,jp_trend_wm_max_recent_v2
NRT,HSG,62029.0,1192.8654,5,2016,2023,jp_trend_wm_max_recent_v2
KMJ,NKM,60923.74,1171.6104,7,2016,2025,jp_trend_wm_max_recent_v2
KMI,KIX,60431.63,1162.1468,7,2016,2025,jp_trend_wm_max_recent_v2
HND,WKJ,60373.0,1161.0192,7,2016,2025,jp_trend_wm_max_recent_v2
TAK,OKA,59863.0,1151.2115,7,2016,2025,jp_trend_wm_max_recent_v2
KMJ,NGO,59852.58,1151.0112,7,2016,2025,jp_trend_wm_max_recent_v2
NKM,KMJ,59647.17,1147.061,7,2016,2025,jp_trend_wm_max_recent_v2
OKA,TAK,59608.0,1146.3077,7,2016,2025,jp_trend_wm_max_recent_v2
NGO,KMJ,59407.86,1142.4588,7,2016,2025,jp_trend_wm_max_recent_v2
KIX,KMI,59178.99,1138.0575,7,2016,2025,jp_trend_wm_max_recent_v2
OKA,SHI,59096.54,1136.472,3,2023,2025,jp_trend_wm_max_recent_v2
NKM,AOJ,58707.09,1128.9825,7,2016,2025,jp_trend_wm_max_recent_v2
FUK,KIJ,58583.0,1126.5962,7,2016,2025,jp_trend_wm_max_recent_v2
KIJ,FUK,57258.0,1101.1154,7,2016,2025,jp_trend_wm_max_recent_v2
ITM,GAJ,56979.0,1095.75,7,2016,2025,jp_trend_wm_max_recent_v2
AOJ,NKM,56941.5,1095.0288,7,2016,2025,jp_trend_wm_max_recent_v2
WKJ,HND,56836.0,1093.0,7,2016,2025,jp_trend_wm_max_recent_v2
SHI,OKA,56744.43,1091.2391,3,2023,2025,jp_trend_wm_max_recent_v2
KIX,NGS,56209.0,1080.9424,7,2016,2025,jp_trend_wm_max_recent_v2
NGS,KIX,56155.08,1079.9054,7,2016,2025,jp_trend_wm_max_recent_v2
KMI,NRT,55893.96,1074.8838,6,2017,2025,jp_trend_wm_max_recent_v2
FUJ,FUK,55868.19,1074.3883,7,2016,2025,jp_trend_wm_max_recent_v2
GAJ,ITM,55669.08,1070.5592,7,2016,2025,jp_trend_wm_max_recent_v2
CTS,AXT,55468.62,1066.7042,7,2016,2025,jp_trend_wm_max_recent_v2
NGO,MYJ,55280.0,1063.0769,7,2016,2025,jp_trend_wm_max_recent_v2
AXT,CTS,55204.44,1061.6238,7,2016,2025,jp_trend_wm_max_recent_v2
MYJ,NGO,55185.0,1061.25,7,2016,2025,jp_trend_wm_max_recent_v2
NRT,KMI,54474.12,1047.5792,6,2017,2025,jp_trend_wm_max_recent_v2
SHB,CTS,54027.36,1038.9877,7,2016,2025,jp_trend_wm_max_recent_v2
CTS,SHB,53615.41,1031.0656,7,2016,2025,jp_trend_wm_max_recent_v2
CTS,OKA,53232.11,1023.6944,7,2016,2025,jp_trend_wm_max_recent_v2
MYJ,KIX,53175.0,1022.5962,4,2016,2019,jp_trend_wm_max_recent_v2
KUH,CTS,52908.0,1017.4615,7,2016,2025,jp_trend_wm_max_recent_v2
OKA,CTS,52837.85,1016.1125,7,2016,2025,jp_trend_wm_max_recent_v2
NRT,NGS,52721.52,1013.8755,5,2018,2025,jp_trend_wm_max_recent_v2
FUK,IBR,52087.0,1001.6731,7,2016,2025,jp_trend_wm_max_recent_v2
NGS,NRT,51796.03,996.0775,5,2018,2025,jp_trend_wm_max_recent_v2
IBR,FUK,51666.06,993.5781,7,2016,2025,jp_trend_wm_max_recent_v2
KIX,MYJ,51516.0,990.6923,4,2016,2019,jp_trend_wm_max_recent_v2
KMJ,KIX,50486.0,970.8846,3,2016,2019,jp_trend_wm_max_recent_v2
KCZ,NRT,50444.0,970.0769,5,2018,2025,jp_trend_wm_max_recent_v2
FUK,FUJ,50362.26,968.5049,7,2016,2025,jp_trend_wm_max_recent_v2
NGO,ISG,50238.76,966.1299,7,2016,2025,jp_trend_wm_max_recent_v2
HND,SHI,49449.75,950.9567,3,2023,2025,jp_trend_wm_max_recent_v2
ISG,NGO,49405.84,950.1123,7,2016,2025,jp_trend_wm_max_recent_v2
GAJ,HND,48980.44,941.9315,7,2016,2025,jp_trend_wm_max_recent_v2
NRT,KCZ,48963.0,941.5962,5,2018,2025,jp_trend_wm_max_recent_v2
HND,GAJ,48745.78,937.4188,7,2016,2025,jp_trend_wm_max_recent_v2
SHI,HND,48667.25,935.9087,3,2023,2025,jp_trend_wm_max_recent_v2
HIJ,SDJ,48238.59,927.6652,7,2016,2025,jp_trend_wm_max_recent_v2
NGO,MMY,48121.26,925.4089,6,2017,2025,jp_trend_wm_max_recent_v2
NRT,AKJ,47858.82,920.3618,3,2023,2025,jp_trend_wm_max_recent_v2
CTS,KUH,47688.0,917.0769,7,2016,2025,jp_trend_wm_max_recent_v2
NGO,HKD,47527.55,913.9914,7,2016,2025,jp_trend_wm_max_recent_v2
MMY,NGO,47385.88,911.2669,6,2017,2025,jp_trend_wm_max_recent_v2
OKA,OKJ,47315.0,909.9038,7,2016,2025,jp_trend_wm_max_recent_v2
AKJ,NRT,47255.6,908.7615,3,2023,2025,jp_trend_wm_max_recent_v2
OKJ,OKA,46981.0,903.4808,7,2016,2025,jp_trend_wm_max_recent_v2
SDJ,HIJ,46827.88,900.5361,7,2016,2025,jp_trend_wm_max_recent_v2
KIX,KMJ,46818.0,900.3462,3,2016,2019,jp_trend_wm_max_recent_v2
OKA,IBR,46814.02,900.2696,7,2016,2025,jp_trend_wm_max_recent_v2
NRT,ASJ,46699.0,898.0577,7,2016,2025,jp_trend_wm_max_recent_v2
ASJ,NRT,46391.0,892.1346,7,2016,2025,jp_trend_wm_max_recent_v2
HNA,CTS,46338.0,891.1154,7,2016,2025,jp_trend_wm_max_recent_v2
KIJ,KIX,46017.3,884.9481,4,2018,2024,jp_trend_wm_max_recent_v2
ISG,FUK,45952.52,883.7023,7,2016,2025,jp_trend_wm_max_recent_v2
KIX,KIJ,45629.7,877.4942,5,2018,2025,jp_trend_wm_max_recent_v2
UKB,SHI,45475.37,874.5263,3,2023,2025,jp_trend_wm_max_recent_v2
IBR,OKA,45452.27,874.0821,7,2016,2025,jp_trend_wm_max_recent_v2
TNE,KOJ,45387.08,872.8284,7,2016,2025,jp_trend_wm_max_recent_v2
SDJ,NRT,45022.8,865.8231,4,2016,2019,jp_trend_wm_max_recent_v2
NRT,HKD,44843.32,862.3716,3,2017,2019,jp_trend_wm_max_recent_v2
HKD,NRT,44841.24,862.3315,3,2017,2019,jp_trend_wm_max_recent_v2
KOJ,TNE,44784.77,861.2455,7,2016,2025,jp_trend_wm_max_recent_v2
CTS,HNA,44773.0,861.0192,7,2016,2025,jp_trend_wm_max_recent_v2
OKA,KMJ,44671.55,859.0683,7,2016,2025,jp_trend_wm_max_recent_v2
ASJ,HND,44585.3,857.4096,7,2016,2025,jp_trend_wm_max_recent_v2
HND,ASJ,44531.16,856.3685,7,2016,2025,jp_trend_wm_max_recent_v2
KMJ,OKA,44254.01,851.0386,7,2016,2025,jp_trend_wm_max_recent_v2
CTS,KMQ,44241.4,850.7961,7,2016,2025,jp_trend_wm_max_recent_v2
FUK,ISG,44235.18,850.6766,7,2016,2025,jp_trend_wm_max_recent_v2
NRT,SDJ,43603.0,838.5192,4,2016,2019,jp_trend_wm_max_recent_v2
SHI,UKB,43296.94,832.6335,3,2023,2025,jp_trend_wm_max_recent_v2
OKA,KMI,43260.14,831.9258,7,2016,2025,jp_trend_wm_max_recent_v2
KMQ,CTS,43041.75,827.7259,7,2016,2025,jp_trend_wm_max_recent_v2
HKD,NGO,42505.95,817.4221,7,2016,2025,jp_trend_wm_max_recent_v2
KMI,OKA,42187.0,811.2885,7,2016,2025,jp_trend_wm_max_recent_v2
HND,SHB,41939.0,806.5192,7,2016,2025,jp_trend_wm_max_recent_v2
IZO,NKM,41868.96,805.1723,7,2016,2025,jp_trend_wm_max_recent_v2
NKM,IZO,41527.26,798.6012,7,2016,2025,jp_trend_wm_max_recent_v2
ASJ,ITM,41222.3,792.7365,7,2016,2025,jp_trend_wm_max_recent_v2
OKA,MYJ,40426.0,777.4231,7,2016,2025,jp_trend_wm_max_recent_v2
ITM,ASJ,40400.92,776.9408,7,2016,2025,jp_trend_wm_max_recent_v2
KCZ,NKM,40372.72,776.3985,7,2016,2025,jp_trend_wm_max_recent_v2
FUK,MMJ,40291.7,774.8404,7,2016,2025,jp_trend_wm_max_recent_v2
NKM,KCZ,40206.26,773.1973,7,2016,2025,jp_trend_wm_max_recent_v2
MYJ,OKA,40021.0,769.6346,7,2016,2025,jp_trend_wm_max_recent_v2
SHB,HND,39840.0,766.1538,7,2016,2025,jp_trend_wm_max_recent_v2
IWK,OKA,39398.31,757.6598,7,2016,2025,jp_trend_wm_max_recent_v2
MMJ,FUK,39376.08,757.2323,7,2016,2025,jp_trend_wm_max_recent_v2
OKA,IWK,39308.7,755.9365,7,2016,2025,jp_trend_wm_max_recent_v2
OKA,FSZ,39154.41,752.9695,7,2016,2025,jp_trend_wm_max_recent_v2
HND,MBE,38410.53,738.664,7,2016,2025,jp_trend_wm_max_recent_v2
OGN,ISG,38250.31,735.5828,7,2016,2025,jp_trend_wm_max_recent_v2
ISG,OGN,38214.0,734.8846,7,2016,2025,jp_trend_wm_max_recent_v2
CTS,FSZ,38159.0,733.8269,7,2016,2025,jp_trend_wm_max_recent_v2
OKA,KMQ,38097.0,732.6346,7,2016,2025,jp_trend_wm_max_recent_v2
FSZ,CTS,37587.0,722.8269,7,2016,2025,jp_trend_wm_max_recent_v2
FSZ,OKA,37463.76,720.457,7,2016,2025,jp_trend_wm_max_recent_v2
CTS,OKJ,37089.68,713.263,7,2016,2025,jp_trend_wm_max_recent_v2
KMQ,OKA,37066.0,712.8077,7,2016,2025,jp_trend_wm_max_recent_v2
FUK,KCZ,36311.81,698.3041,7,2016,2025,jp_trend_wm_max_recent_v2
OKD,KUH,36232.0,696.7692,7,2016,2025,jp_trend_wm_max_recent_v2
KCZ,FUK,35983.26,691.9859,7,2016,2025,jp_trend_wm_max_recent_v2
OKJ,CTS,35955.85,691.4586,7,2016,2025,jp_trend_wm_max_recent_v2
AXT,NGO,35925.42,690.8735,7,2016,2025,jp_trend_wm_max_recent_v2
TSJ,NGS,35636.43,685.3159,7,2016,2025,jp_trend_wm_max_recent_v2
HKD,CTS,35432.9,681.402,7,2016,2025,jp_trend_wm_max_recent_v2
NGO,AXT,35395.02,680.6735,7,2016,2025,jp_trend_wm_max_recent_v2
NGO,OIT,35339.8,679.6116,7,2016,2025,jp_trend_wm_max_recent_v2
KUH,OKD,35308.51,679.0099,7,2016,2025,jp_trend_wm_max_recent_v2
OIT,NGO,35129.68,675.5707,7,2016,2025,jp_trend_wm_max_recent_v2
CTS,HKD,34747.28,668.2169,7,2016,2025,jp_trend_wm_max_recent_v2
CTS,TOY,34742.13,668.1179,7,2016,2025,jp_trend_wm_max_recent_v2
TOY,CTS,34607.25,665.524,7,2016,2025,jp_trend_wm_max_recent_v2
NGS,TSJ,34395.42,661.4504,7,2016,2025,jp_trend_wm_max_recent_v2
OKE,KOJ,34116.0,656.0769,7,2016,2025,jp_trend_wm_max_recent_v2
KOJ,OKE,33961.0,653.0962,7,2016,2025,jp_trend_wm_max_recent_v2
GAJ,NKM,33953.76,652.9569,7,2016,2025,jp_trend_wm_max_recent_v2
NKM,GAJ,33495.78,644.1496,7,2016,2025,jp_trend_wm_max_recent_v2
ISG,MMY,33260.16,639.6185,7,2016,2025,jp_trend_wm_max_recent_v2
MMJ,UKB,33231.26,639.0628,4,2019,2025,jp_trend_wm_max_recent_v2
UKB,MMJ,32986.72,634.3599,4,2019,2025,jp_trend_wm_max_recent_v2
NGS,OKA,32823.0,631.2115,4,2016,2019,jp_trend_wm_max_recent_v2
NRT,SHI,32643.0,627.75,3,2019,2024,jp_trend_wm_max_recent_v2
OKA,NGS,32611.0,627.1346,4,2016,2019,jp_trend_wm_max_recent_v2
MMY,ISG,32428.86,623.6319,7,2016,2025,jp_trend_wm_max_recent_v2
MBE,HND,32329.92,621.7292,7,2016,2025,jp_trend_wm_max_recent_v2
KCZ,KIX,32140.0,618.0769,2,2018,2019,jp_trend_wm_max_recent_v2
SHI,NRT,32103.0,617.3654,3,2019,2024,jp_trend_wm_max_recent_v2
FUK,TKS,31617.0,608.0192,7,2016,2025,jp_trend_wm_max_recent_v2
KKJ,OKA,31333.0,602.5577,3,2017,2019,jp_trend_wm_max_recent_v2
OKA,KKJ,31189.0,599.7885,3,2017,2019,jp_trend_wm_max_recent_v2
KIX,KCZ,31103.0,598.1346,2,2018,2019,jp_trend_wm_max_recent_v2
KIJ,NGO,30539.9,587.3058,7,2016,2025,jp_trend_wm_max_recent_v2
KIX,ASJ,30271.64,582.147,6,2017,2025,jp_trend_wm_max_recent_v2
ASJ,KIX,30081.33,578.4871,6,2017,2025,jp_trend_wm_max_recent_v2
NGO,KCZ,29923.75,575.4567,3,2023,2025,jp_trend_wm_max_recent_v2
TKS,FUK,29550.0,568.2692,7,2016,2025,jp_trend_wm_max_recent_v2
CTS,FKS,29177.0,561.0962,7,2016,2025,jp_trend_wm_max_recent_v2
KCZ,NGO,28856.31,554.9291,3,2023,2025,jp_trend_wm_max_recent_v2
NKM,OKD,28524.3,548.5443,3,2023,2025,jp_trend_wm_max_recent_v2
FKS,CTS,28320.0,544.6154,7,2016,2025,jp_trend_wm_max_recent_v2
OKD,NKM,28239.27,543.0628,3,2023,2025,jp_trend_wm_max_recent_v2
AKJ,NGO,28143.86,541.2281,7,2016,2025,jp_trend_wm_max_recent_v2
WKJ,CTS,28000.02,538.4619,7,2016,2025,jp_trend_wm_max_recent_v2
CTS,WKJ,27736.86,533.4012,7,2016,2025,jp_trend_wm_max_recent_v2
NGO,KIJ,27617.94,531.1142,7,2016,2025,jp_trend_wm_max_recent_v2
NGO,AKJ,26980.02,518.8465,7,2016,2025,jp_trend_wm_max_recent_v2
SDJ,KMQ,26762.0,514.6538,4,2016,2019,jp_trend_wm_max_recent_v2
RNJ,OKA,26458.01,508.8079,7,2016,2025,jp_trend_wm_max_recent_v2
MMB,NGO,26419.83,508.0737,7,2016,2025,jp_trend_wm_max_recent_v2
KMQ,SDJ,25415.0,488.75,4,2016,2019,jp_trend_wm_max_recent_v2
CTS,MMJ,24936.9,479.5558,7,2016,2025,jp_trend_wm_max_recent_v2
MMJ,CTS,24919.14,479.2142,7,2016,2025,jp_trend_wm_max_recent_v2
NKM,KIJ,24505.35,471.2567,7,2016,2025,jp_trend_wm_max_recent_v2
KIJ,NKM,24184.79,465.0921,7,2016,2025,jp_trend_wm_max_recent_v2
NGS,FUJ,24094.25,463.351,7,2016,2025,jp_trend_wm_max_recent_v2
ASJ,KKX,23530.73,452.514,7,2016,2025,jp_trend_wm_max_recent_v2
NGO,MMB,23153.0,445.25,7,2016,2025,jp_trend_wm_max_recent_v2
FUJ,NGS,22807.9,438.6134,7,2016,2025,jp_trend_wm_max_recent_v2
TRA,MMY,22345.0,429.7115,7,2016,2025,jp_trend_wm_max_recent_v2
KKX,ASJ,22237.61,427.6464,7,2016,2025,jp_trend_wm_max_recent_v2
MMY,TRA,22166.0,426.2692,7,2016,2025,jp_trend_wm_max_recent_v2
IZO,FUK,22041.23,423.8697,7,2016,2025,jp_trend_wm_max_recent_v2
FUK,IZO,21941.33,421.9486,7,2016,2025,jp_trend_wm_max_recent_v2
OKA,KIJ,21482.12,413.1178,7,2016,2025,jp_trend_wm_max_recent_v2
KIX,KUH,21406.74,411.6681,5,2018,2025,jp_trend_wm_max_recent_v2
KIJ,OKA,20969.48,403.2592,7,2016,2025,jp_trend_wm_max_recent_v2
ITM,MSJ,20959.0,403.0577,7,2016,2025,jp_trend_wm_max_recent_v2
KUH,KIX,20656.02,397.2312,5,2018,2025,jp_trend_wm_max_recent_v2
TKN,ASJ,19863.92,381.9985,7,2016,2025,jp_trend_wm_max_recent_v2
KIJ,OKD,19859.05,381.9049,2,2024,2025,jp_trend_wm_max_recent_v2
KOJ,FSZ,19827.0,381.2885,7,2016,2025,jp_trend_wm_max_recent_v2
MMB,OKD,19774.82,380.285,3,2023,2025,jp_trend_wm_max_recent_v2
FSZ,KOJ,19669.8,378.2654,7,2016,2025,jp_trend_wm_max_recent_v2
MSJ,ITM,19420.0,373.4615,7,2016,2025,jp_trend_wm_max_recent_v2
KKX,KOJ,19393.0,372.9423,7,2016,2025,jp_trend_wm_max_recent_v2
OKD,MMB,19392.6,372.9347,3,2023,2025,jp_trend_wm_max_recent_v2
ASJ,FUK,19311.86,371.382,7,2016,2025,jp_trend_wm_max_recent_v2
KOJ,KKX,18865.0,362.7885,7,2016,2025,jp_trend_wm_max_recent_v2
ASJ,TKN,18785.34,361.2565,7,2016,2025,jp_trend_wm_max_recent_v2
FUK,ASJ,18716.93,359.9409,7,2016,2025,jp_trend_wm_max_recent_v2
OKD,KIJ,18716.02,359.9235,2,2024,2025,jp_trend_wm_max_recent_v2
SYO,NRT,18226.0,350.5,1,2019,2019,jp_trend_wm_max_recent_v2
ITM,OKI,18149.88,349.0362,7,2016,2025,jp_trend_wm_max_recent_v2
OKD,AXT,17921.7,344.648,3,2023,2025,jp_trend_wm_max_recent_v2
OKI,ITM,17802.06,342.3473,7,2016,2025,jp_trend_wm_max_recent_v2
KMQ,NRT,17707.0,340.5192,4,2016,2019,jp_trend_wm_max_recent_v2
OKA,OGN,17700.82,340.4004,7,2016,2025,jp_trend_wm_max_recent_v2
MMD,OKA,17659.0,339.5962,7,2016,2025,jp_trend_wm_max_recent_v2
AXT,OKD,17631.86,339.0743,3,2023,2025,jp_trend_wm_max_recent_v2
ITM,TJH,17628.82,339.0157,7,2016,2025,jp_trend_wm_max_recent_v2
CTS,GAJ,17624.58,338.9342,6,2017,2025,jp_trend_wm_max_recent_v2
TJH,ITM,17616.81,338.7848,7,2016,2025,jp_trend_wm_max_recent_v2
IKI,NGS,17214.54,331.0488,7,2016,2025,jp_trend_wm_max_recent_v2
GAJ,CTS,17205.0,330.8654,6,2017,2025,jp_trend_wm_max_recent_v2
NRT,SYO,17196.0,330.6923,1,2019,2019,jp_trend_wm_max_recent_v2
IZO,FSZ,16986.06,326.655,5,2018,2025,jp_trend_wm_max_recent_v2
OKA,RNJ,16891.0,324.8269,7,2016,2025,jp_trend_wm_max_recent_v2
UKB,AOJ,16864.8,324.323,3,2023,2025,jp_trend_wm_max_recent_v2
FUK,HNA,16834.16,323.7339,7,2016,2025,jp_trend_wm_max_recent_v2
NRT,KIJ,16824.0,323.5385,4,2016,2019,jp_trend_wm_max_recent_v2
AXJ,FUK,16749.0,322.0962,7,2016,2025,jp_trend_wm_max_recent_v2
KIJ,NRT,16689.0,320.9423,4,2016,2019,jp_trend_wm_max_recent_v2
HNA,FUK,16618.38,319.5843,7,2016,2025,jp_trend_wm_max_recent_v2
FSZ,IZO,16615.8,319.5346,5,2018,2025,jp_trend_wm_max_recent_v2
NRT,KMQ,16497.0,317.25,4,2016,2019,jp_trend_wm_max_recent_v2
CTS,MYJ,16479.0,316.9038,2,2018,2019,jp_trend_wm_max_recent_v2
OKA,MMD,16403.0,315.4423,7,2016,2025,jp_trend_wm_max_recent_v2
AOJ,UKB,16345.78,314.3419,3,2023,2025,jp_trend_wm_max_recent_v2
MYJ,CTS,16151.0,310.5962,2,2018,2019,jp_trend_wm_max_recent_v2
OKD,SHB,16049.55,308.6452,3,2023,2025,jp_trend_wm_max_recent_v2
NGS,IKI,15992.58,307.5496,7,2016,2025,jp_trend_wm_max_recent_v2
SDJ,IZO,15893.64,305.6469,5,2018,2025,jp_trend_wm_max_recent_v2
SHB,OKD,15846.67,304.7436,3,2023,2025,jp_trend_wm_max_recent_v2
FUK,AXJ,15746.0,302.8077,7,2016,2025,jp_trend_wm_max_recent_v2
UKB,HNA,15590.11,299.8099,3,2023,2025,jp_trend_wm_max_recent_v2
KOJ,RNJ,15417.0,296.4808,7,2016,2025,jp_trend_wm_max_recent_v2
HNA,UKB,15362.79,295.4383,3,2023,2025,jp_trend_wm_max_recent_v2
IZO,SDJ,15257.16,293.4069,5,2018,2025,jp_trend_wm_max_recent_v2
RNJ,KOJ,14683.0,282.3654,7,2016,2025,jp_trend_wm_max_recent_v2
FUK,MMY,14595.0,280.6731,2,2018,2019,jp_trend_wm_max_recent_v2
MMY,FUK,14519.0,279.2115,2,2018,2019,jp_trend_wm_max_recent_v2
OKD,RIS,13612.86,261.7858,7,2016,2025,jp_trend_wm_max_recent_v2
FSZ,OKD,13577.22,261.1004,7,2016,2025,jp_trend_wm_max_recent_v2
OKD,FSZ,13480.46,259.2397,7,2016,2025,jp_trend_wm_max_recent_v2
RIS,OKD,13458.58,258.8188,7,2016,2025,jp_trend_wm_max_recent_v2
KKJ,FSZ,13439.0,258.4423,1,2019,2019,jp_trend_wm_max_recent_v2
KKJ,NKM,13109.04,252.0969,4,2016,2019,jp_trend_wm_max_recent_v2
KIX,SHI,13078.0,251.5,1,2019,2019,jp_trend_wm_max_recent_v2
SHI,KIX,13055.0,251.0577,1,2019,2019,jp_trend_wm_max_recent_v2
ITM,KUM,12752.69,245.244,7,2016,2025,jp_trend_wm_max_recent_v2
OGN,OKA,12563.34,241.6027,7,2016,2025,jp_trend_wm_max_recent_v2
CTS,RIS,12349.97,237.4993,7,2016,2025,jp_trend_wm_max_recent_v2
IZO,NGO,12190.23,234.4275,2,2024,2025,jp_trend_wm_max_recent_v2
NGO,IZO,11890.43,228.6622,2,2024,2025,jp_trend_wm_max_recent_v2
FSZ,KKJ,11788.0,226.6923,1,2019,2019,jp_trend_wm_max_recent_v2
OKA,OKE,11721.06,225.405,5,2018,2025,jp_trend_wm_max_recent_v2
FUK,KUM,11535.18,221.8304,7,2016,2025,jp_trend_wm_max_recent_v2
KUM,ITM,11435.76,219.9184,7,2016,2025,jp_trend_wm_max_recent_v2
NKM,KKJ,11403.6,219.3,4,2016,2019,jp_trend_wm_max_recent_v2
IZO,OKI,11226.57,215.8956,7,2016,2025,jp_trend_wm_max_recent_v2
KUM,FUK,11206.25,215.5047,7,2016,2025,jp_trend_wm_max_recent_v2
OKE,OKA,10916.0,209.9231,5,2018,2025,jp_trend_wm_max_recent_v2
FUK,KOJ,10872.32,209.0831,7,2016,2025,jp_trend_wm_max_recent_v2
OKI,IZO,10769.27,207.1013,7,2016,2025,jp_trend_wm_max_recent_v2
KOJ,FUK,10691.18,205.5995,7,2016,2025,jp_trend_wm_max_recent_v2
RIS,CTS,10492.11,201.7714,7,2016,2025,jp_trend_wm_max_recent_v2
OKD,MMJ,10221.44,196.5661,5,2018,2025,jp_trend_wm_max_recent_v2
MMJ,OKD,10105.11,194.3291,5,2018,2025,jp_trend_wm_max_recent_v2
OKA,ASJ,9955.05,191.4432,7,2016,2025,jp_trend_wm_max_recent_v2
ASJ,OKA,9651.0,185.5962,5,2016,2024,jp_trend_wm_max_recent_v2
ASJ,RNJ,9181.62,176.5697,7,2016,2025,jp_trend_wm_max_recent_v2
KIJ,SDJ,8716.75,167.6299,2,2024,2025,jp_trend_wm_max_recent_v2
SDJ,KIJ,8715.85,167.6125,2,2024,2025,jp_trend_wm_max_recent_v2
UEO,HND,8143.7,156.6096,7,2016,2025,jp_trend_wm_max_recent_v2
SHI,FUK,8080.93,155.4025,3,2023,2025,jp_trend_wm_max_recent_v2
FUK,SHI,7919.71,152.3021,3,2023,2025,jp_trend_wm_max_recent_v2
KOJ,MYJ,7714.11,148.3483,7,2016,2025,jp_trend_wm_max_recent_v2
OKE,TKN,7615.24,146.447,5,2018,2025,jp_trend_wm_max_recent_v2
TKN,OKE,7506.91,144.3637,5,2018,2025,jp_trend_wm_max_recent_v2
OKD,MSJ,7245.35,139.3336,7,2016,2025,jp_trend_wm_max_recent_v2
OKA,KTD,7241.0,139.25,7,2016,2025,jp_trend_wm_max_recent_v2
MYJ,KOJ,7232.26,139.0819,7,2016,2025,jp_trend_wm_max_recent_v2
MSJ,OKD,7095.53,136.4525,7,2016,2025,jp_trend_wm_max_recent_v2
KIX,MMB,6862.56,131.9723,7,2016,2025,jp_trend_wm_max_recent_v2
MMB,NRT,6620.28,127.313,1,2023,2023,jp_trend_wm_max_recent_v2
KTD,MMD,6543.3,125.8327,6,2016,2024,jp_trend_wm_max_recent_v2
MMB,KIX,6274.0,120.6538,7,2016,2025,jp_trend_wm_max_recent_v2
KTD,OKA,6226.08,119.7323,7,2016,2025,jp_trend_wm_max_recent_v2
NRT,MMB,6211.94,119.4603,1,2023,2023,jp_trend_wm_max_recent_v2
HND,UEO,5643.61,108.5309,7,2016,2025,jp_trend_wm_max_recent_v2
MMD,KTD,5458.85,104.978,6,2016,2024,jp_trend_wm_max_recent_v2
ASJ,OKE,5332.57,102.5494,3,2016,2018,jp_trend_wm_max_recent_v2
HKD,OIR,5276.33,101.4678,7,2016,2025,jp_trend_wm_max_recent_v2
KMJ,AXJ,5251.0,100.9808,7,2016,2025,jp_trend_wm_max_recent_v2
KIX,AKJ,5229.05,100.5587,2,2016,2017,jp_trend_wm_max_recent_v2
AKJ,KIX,5216.57,100.3186,2,2016,2017,jp_trend_wm_max_recent_v2
OIR,HKD,5090.61,97.8964,7,2016,2025,jp_trend_wm_max_recent_v2
ITM,ISG,4992.18,96.0034,6,2017,2025,jp_trend_wm_max_recent_v2
AXJ,KMJ,4658.0,89.5769,7,2016,2025,jp_trend_wm_max_recent_v2
RNJ,ASJ,4588.98,88.2496,4,2016,2019,jp_trend_wm_max_recent_v2
OKE,RNJ,4527.11,87.0599,3,2016,2018,jp_trend_wm_max_recent_v2
ISG,ITM,4183.17,80.4456,6,2017,2025,jp_trend_wm_max_recent_v2
OKE,ASJ,4080.34,78.4682,3,2016,2018,jp_trend_wm_max_recent_v2
ITM,AKJ,3956.18,76.0805,7,2016,2025,jp_trend_wm_max_recent_v2
NKM,SDJ,3828.93,73.6333,1,2025,2025,jp_trend_wm_max_recent_v2
AKJ,ITM,3802.26,73.1203,7,2016,2025,jp_trend_wm_max_recent_v2
SDJ,NKM,3798.74,73.0527,1,2025,2025,jp_trend_wm_max_recent_v2
KIJ,UKB,3792.39,72.9305,2,2023,2025,jp_trend_wm_max_recent_v2
RNJ,OKE,3518.63,67.666,3,2016,2018,jp_trend_wm_max_recent_v2
UKB,IZO,3429.0,65.9423,1,2019,2019,jp_trend_wm_max_recent_v2
UKB,KIJ,3385.89,65.1133,2,2023,2025,jp_trend_wm_max_recent_v2
IZO,UKB,3365.0,64.7115,1,2019,2019,jp_trend_wm_max_recent_v2
KCZ,UKB,3154.66,60.6665,3,2019,2024,jp_trend_wm_max_recent_v2
ITM,MMB,2945.44,56.643,7,2016,2025,jp_trend_wm_max_recent_v2
NKM,OIT,2841.51,54.6444,1,2025,2025,jp_trend_wm_max_recent_v2
UKB,KCZ,2801.43,53.8736,3,2019,2024,jp_trend_wm_max_recent_v2
OIT,NKM,2745.61,52.8001,1,2025,2025,jp_trend_wm_max_recent_v2
IZO,CTS,2542.65,48.8972,7,2016,2025,jp_trend_wm_max_recent_v2
CTS,IZO,2536.74,48.7835,7,2016,2025,jp_trend_wm_max_recent_v2
MMB,ITM,2504.35,48.1605,7,2016,2025,jp_trend_wm_max_recent_v2
ITM,KUH,2476.0,47.6154,7,2016,2025,jp_trend_wm_max_recent_v2
NGO,OBO,2314.23,44.5045,6,2017,2025,jp_trend_wm_max_recent_v2
NKM,OBO,2212.62,42.5504,1,2016,2016,jp_trend_wm_max_recent_v2
OBO,NGO,2201.83,42.3429,6,2017,2025,jp_trend_wm_max_recent_v2
OBO,NKM,2106.5,40.5096,1,2016,2016,jp_trend_wm_max_recent_v2
ITM,MMY,2026.92,38.9792,2,2018,2023,jp_trend_wm_max_recent_v2
MMY,ITM,2026.92,38.9792,2,2018,2023,jp_trend_wm_max_recent_v2
OIR,OKD,1916.53,36.8563,3,2023,2025,jp_trend_wm_max_recent_v2
ITM,MMJ,1821.74,35.0335,7,2016,2025,jp_trend_wm_max_recent_v2
NGO,KUH,1783.93,34.3064,7,2016,2025,jp_trend_wm_max_recent_v2
OKD,OIR,1764.36,33.9301,3,2023,2025,jp_trend_wm_max_recent_v2
KUH,ITM,1755.0,33.75,7,2016,2025,jp_trend_wm_max_recent_v2
CTS,TKS,1735.38,33.3727,7,2016,2025,jp_trend_wm_max_recent_v2
TKS,CTS,1694.25,32.5817,7,2016,2025,jp_trend_wm_max_recent_v2
KUH,NGO,1666.54,32.0489,7,2016,2025,jp_trend_wm_max_recent_v2
KMJ,FSZ,1662.92,31.9793,3,2023,2025,jp_trend_wm_max_recent_v2
FSZ,KMJ,1607.67,30.9168,3,2023,2025,jp_trend_wm_max_recent_v2
TNE,ITM,1597.32,30.7177,7,2016,2025,jp_trend_wm_max_recent_v2
ITM,TNE,1574.0,30.2692,7,2016,2025,jp_trend_wm_max_recent_v2
MMJ,ITM,1544.27,29.6975,7,2016,2025,jp_trend_wm_max_recent_v2
MYE,OIM,1525.23,29.3313,7,2016,2025,jp_trend_wm_max_recent_v2
NGO,OKD,1373.69,26.4171,1,2025,2025,jp_trend_wm_max_recent_v2
KUH,NRT,1354.36,26.0453,1,2023,2023,jp_trend_wm_max_recent_v2
OKD,NGO,1145.48,22.0285,1,2025,2025,jp_trend_wm_max_recent_v2
NRT,KUH,999.6,19.2231,1,2023,2023,jp_trend_wm_max_recent_v2
ITM,IWJ,977.0,18.7885,7,2016,2025,jp_trend_wm_max_recent_v2
OIM,MYE,946.94,18.2104,7,2016,2025,jp_trend_wm_max_recent_v2
IWJ,ITM,887.0,17.0577,7,2016,2025,jp_trend_wm_max_recent_v2
HKD,KIX,424.32,8.16,2,2017,2018,jp_trend_wm_max_recent_v2
KIX,HKD,419.22,8.0619,2,2017,2018,jp_trend_wm_max_recent_v2
ITM,TKN,222.81,4.2848,4,2019,2025,jp_trend_wm_max_recent_v2
TKN,ITM,215.56,4.1455,4,2019,2025,jp_trend_wm_max_recent_v2
MSJ,HKD,21.22,0.4082,1,2016,2016,jp_trend_wm_max_recent_v2
HKD,MSJ,10.61,0.2041,1,2016,2016,jp_trend_wm_max_recent_v2
